{"cameraMode":{"drawMode":0,"name":"Shaded","section":"Shading Mode"},"sceneLighting":false,"audioPlay":false,"sceneViewState":{"showFog":true,"showMaterialUpdate":false,"showSkybox":false,"showFlares":true,"showImageEffects":true,"showParticleSystems":true},"in2DMode":false,"pivot":{"x":0.0066375732421875,"y":0.048583984375,"z":0.0277099609375},"rotation":{"x":0.27401334047317507,"y":0.07348383218050003,"z":-0.021000927314162256,"w":0.9586908221244812},"size":1.8719425201416016,"orthographic":true}