{"cameraMode":{"drawMode":0,"name":"Shaded","section":"Shading Mode"},"sceneLighting":false,"audioPlay":false,"sceneViewState":{"showFog":true,"showMaterialUpdate":false,"showSkybox":false,"showFlares":true,"showImageEffects":true,"showParticleSystems":true},"in2DMode":false,"pivot":{"x":0.2460794448852539,"y":1.75,"z":0.24418163299560548},"rotation":{"x":-0.45114341378211977,"y":0.3971790671348572,"z":-0.23453262448310853,"w":-0.7640165090560913},"size":2.796860456466675,"orthographic":false}