{"cameraMode":{"drawMode":0,"name":"Shaded","section":"Shading Mode"},"sceneLighting":true,"audioPlay":false,"sceneViewState":{"showFog":true,"showMaterialUpdate":false,"showSkybox":true,"showFlares":true,"showImageEffects":true,"showParticleSystems":true},"in2DMode":false,"pivot":{"x":0.4261474609375,"y":-0.427734375,"z":-0.148193359375},"rotation":{"x":0.5945407152175903,"y":0.019301120191812516,"z":-0.01426010113209486,"w":0.8037213683128357},"size":5.919765949249268,"orthographic":true}