{"cameraMode":{"drawMode":0,"name":"Shaded","section":"Shading Mode"},"sceneLighting":true,"audioPlay":false,"sceneViewState":{"showFog":true,"showMaterialUpdate":false,"showSkybox":true,"showFlares":true,"showImageEffects":true,"showParticleSystems":true},"in2DMode":false,"pivot":{"x":0.6223955750465393,"y":-11.984375,"z":-1.7809252738952637},"rotation":{"x":0.4209906756877899,"y":-0.06927908957004547,"z":0.032268740236759189,"w":0.903840959072113},"size":21.970823287963868,"orthographic":true}