{"cameraMode":{"drawMode":0,"name":"Shaded","section":"Shading Mode"},"sceneLighting":true,"audioPlay":false,"sceneViewState":{"showFog":true,"showMaterialUpdate":false,"showSkybox":true,"showFlares":true,"showImageEffects":true,"showParticleSystems":true},"in2DMode":false,"pivot":{"x":5.940000057220459,"y":2.359999895095825,"z":0.0},"rotation":{"x":0.262365460395813,"y":0.013893621042370797,"z":-0.0037788113113492729,"w":0.9648646712303162},"size":7.99450159072876,"orthographic":true}