{"cameraMode":{"drawMode":0,"name":"Shaded","section":"Shading Mode"},"sceneLighting":false,"audioPlay":false,"sceneViewState":{"showFog":true,"showMaterialUpdate":false,"showSkybox":false,"showFlares":true,"showImageEffects":true,"showParticleSystems":true},"in2DMode":false,"pivot":{"x":0.0066375732421875,"y":0.048583984375,"z":0.0277099609375},"rotation":{"x":0.39164111018180849,"y":0.11682472378015518,"z":-0.050204869359731677,"w":0.9112961292266846},"size":0.8141325116157532,"orthographic":true}