{"cameraMode":{"drawMode":0,"name":"Shaded","section":"Shading Mode"},"sceneLighting":true,"audioPlay":false,"sceneViewState":{"showFog":true,"showMaterialUpdate":false,"showSkybox":true,"showFlares":true,"showImageEffects":true,"showParticleSystems":true},"in2DMode":false,"pivot":{"x":3.1788558959960939,"y":5.07275390625,"z":5.196441650390625},"rotation":{"x":0.6419410109519959,"y":0.0693981721997261,"z":-0.05851263552904129,"w":0.7613663673400879},"size":1.5251357555389405,"orthographic":true}