{"cameraMode":{"drawMode":0,"name":"Shaded","section":"Shading Mode"},"sceneLighting":true,"audioPlay":false,"sceneViewState":{"showFog":true,"showMaterialUpdate":false,"showSkybox":true,"showFlares":true,"showImageEffects":true,"showParticleSystems":true},"in2DMode":false,"pivot":{"x":1.355438232421875,"y":11.18115234375,"z":-6.5732421875},"rotation":{"x":0.2623215317726135,"y":-0.022576045244932176,"z":0.006140108685940504,"w":0.9647045731544495},"size":3.5006041526794435,"orthographic":true}