{"cameraMode":{"drawMode":0,"name":"Shaded","section":"Shading Mode"},"sceneLighting":false,"audioPlay":false,"sceneViewState":{"showFog":true,"showMaterialUpdate":false,"showSkybox":false,"showFlares":true,"showImageEffects":true,"showParticleSystems":true},"in2DMode":false,"pivot":{"x":-4.260000228881836,"y":2.2849998474121095,"z":0.0},"rotation":{"x":0.32479965686798098,"y":-0.0226958729326725,"z":0.007796531543135643,"w":0.9454797506332398},"size":1.2867108583450318,"orthographic":true}