{"cameraMode":{"drawMode":0,"name":"Shaded","section":"Shading Mode"},"sceneLighting":true,"audioPlay":false,"sceneViewState":{"showFog":true,"showMaterialUpdate":false,"showSkybox":true,"showFlares":true,"showImageEffects":true,"showParticleSystems":true},"in2DMode":false,"pivot":{"x":-3.498377799987793,"y":0.19999971985816956,"z":-1.4999265670776368},"rotation":{"x":0.023680467158555986,"y":-0.3703402280807495,"z":0.009452383033931256,"w":0.9285590052604675},"size":0.8103142976760864,"orthographic":true}