{"cameraMode":{"drawMode":0,"name":"Shaded","section":"Shading Mode"},"sceneLighting":false,"audioPlay":false,"sceneViewState":{"showFog":true,"showMaterialUpdate":false,"showSkybox":false,"showFlares":true,"showImageEffects":true,"showParticleSystems":true},"in2DMode":false,"pivot":{"x":-2.1495442390441896,"y":-11.253745079040528,"z":21.153533935546876},"rotation":{"x":0.26769036054611208,"y":-0.13815630972385407,"z":0.038814060389995578,"w":0.9527718424797058},"size":26.4660701751709,"orthographic":false}