{"cameraMode":{"drawMode":0,"name":"Shaded","section":"Shading Mode"},"sceneLighting":false,"audioPlay":false,"sceneViewState":{"showFog":true,"showMaterialUpdate":false,"showSkybox":false,"showFlares":true,"showImageEffects":true,"showParticleSystems":true},"in2DMode":false,"pivot":{"x":0.6457059383392334,"y":-0.8448548316955566,"z":-1.744072675704956},"rotation":{"x":-0.45114341378211977,"y":0.3971790671348572,"z":-0.23453262448310853,"w":-0.7640165090560913},"size":2.6003315448760988,"orthographic":false}