{"cameraMode":{"drawMode":0,"name":"Shaded","section":"Shading Mode"},"sceneLighting":true,"audioPlay":false,"sceneViewState":{"showFog":true,"showMaterialUpdate":false,"showSkybox":true,"showFlares":true,"showImageEffects":true,"showParticleSystems":true},"in2DMode":false,"pivot":{"x":0.1754150390625,"y":0.29248046875,"z":-0.31005859375},"rotation":{"x":0.26546621322631838,"y":-0.06934430450201035,"z":0.019147291779518129,"w":0.9614484906196594},"size":2.4285309314727785,"orthographic":true}