{"cameraMode":{"drawMode":0,"name":"Shaded","section":"Shading Mode"},"sceneLighting":false,"audioPlay":false,"sceneViewState":{"showFog":true,"showMaterialUpdate":false,"showSkybox":false,"showFlares":true,"showImageEffects":true,"showParticleSystems":true},"in2DMode":false,"pivot":{"x":-0.03554403781890869,"y":0.061443448066711429,"z":-0.4304671585559845},"rotation":{"x":0.24636775255203248,"y":-0.7227196097373962,"z":0.3162674605846405,"w":0.5629899501800537},"size":2.9324538707733156,"orthographic":false}