{"cameraMode":{"drawMode":0,"name":"Shaded","section":"Shading Mode"},"sceneLighting":false,"audioPlay":false,"sceneViewState":{"showFog":true,"showMaterialUpdate":false,"showSkybox":false,"showFlares":true,"showImageEffects":true,"showParticleSystems":true},"in2DMode":false,"pivot":{"x":0.8441162109375,"y":0.89306640625,"z":0.736572265625},"rotation":{"x":0.218784362077713,"y":-0.7075011134147644,"z":0.24780745804309846,"w":0.6246665716171265},"size":3.72737717628479,"orthographic":true}