{"cameraMode":{"drawMode":0,"name":"Shaded","section":"Shading Mode"},"sceneLighting":false,"audioPlay":false,"sceneViewState":{"showFog":true,"showMaterialUpdate":false,"showSkybox":false,"showFlares":true,"showImageEffects":true,"showParticleSystems":true},"in2DMode":false,"pivot":{"x":-0.6186707019805908,"y":-1.500299096107483,"z":1.9020705223083497},"rotation":{"x":-0.20018519461154939,"y":0.44808417558670046,"z":-0.10368677973747254,"w":-0.8651034832000732},"size":2.8484854698181154,"orthographic":false}